Date,AAPL,MSFT,GOOGL,AMZN,TSLA,META,NFLX,NVDA,JPM,BAC,WMT,PG,V,MA,DIS,PEP,KO,UNH,PFE,MRK,T,VZ,CSCO,INTC,ORCL,ADBE,CRM,BABA,XOM,CVX,GS,SPY,QQQ,IWM,DIA,TLT,GLD,SLV,XLF,XLK,XLE,XLV,ARKK,GDX,BA,NKE,MCD,SBUX
2024-06-03 00:00:00-04:00,193.8056640625,412.7760009765625,172.7422637939453,178.33999633789062,176.2899932861328,476.561767578125,633.7899780273438,114.98072052001953,200.70787048339844,39.38215637207031,65.63291931152344,163.6656494140625,269.8388977050781,442.5345153808594,102.29804229736328,168.6065216064453,62.02027893066406,493.58837890625,28.90210723876953,126.80789947509766,17.743680953979492,40.320152282714844,46.25373840332031,30.099063873291016,118.94416809082031,439.0199890136719,235.88192749023438,76.24298095703125,113.53593444824219,155.71722412109375,452.30419921875,524.4939575195312,451.77606201171875,203.34652709960938,382.6051330566406,90.71099090576172,217.22000122070312,27.889999389648438,41.0678596496582,209.9439239501953,89.29949188232422,143.6095733642578,42.97999954223633,35.5099983215332,184.57000732421875,93.98079681396484,258.24725341796875,81.58689880371094
2024-06-04 00:00:00-04:00,194.12530517578125,415.3214416503906,173.36073303222656,179.33999633789062,174.77000427246094,476.0627136230469,631.6199951171875,116.41748046875,198.06251525878906,39.184654235839844,66.41069793701172,166.01153564453125,271.87481689453125,444.1121520996094,102.85547637939453,171.2257537841797,63.01567459106445,501.5760498046875,29.07960319519043,127.09426879882812,18.07865333557129,40.89081573486328,47.01719665527344,29.8407039642334,119.73194122314453,448.3699951171875,234.12741088867188,76.7812728881836,111.77015686035156,154.40194702148438,452.6222839355469,525.0802612304688,453.0123596191406,200.72283935546875,383.86322021484375,91.77059936523438,215.27000427246094,27.020000457763672,40.87929153442383,210.3823699951172,88.44348907470703,144.0263671875,43.22999954223633,34.18000030517578,188.6199951171875,94.31928253173828,261.2000732421875,82.29263305664062
2024-06-05 00:00:00-04:00,195.64353942871094,423.24713134765625,174.9767303466797,181.27999877929688,175.0,494.09759521484375,650.27001953125,122.41947174072266,196.1729736328125,39.46115493774414,66.89930725097656,165.05728149414062,273.9506530761719,445.9993896484375,101.03388214111328,170.83189392089844,62.9959602355957,499.2243957519531,29.13876724243164,127.82496643066406,18.02939224243164,40.6841926574707,45.62908935546875,30.585975646972656,122.28473663330078,455.79998779296875,235.79220581054688,78.13192749023438,112.21656799316406,153.26466369628906,458.9647521972656,531.3209228515625,462.1449890136719,203.7937469482422,384.87359619140625,92.44400787353516,217.82000732421875,27.399999618530273,40.998390197753906,215.05575561523438,88.43364715576172,144.6813507080078,44.150001525878906,34.790000915527344,189.85000610351562,93.90115356445312,258.4858703613281,80.67242431640625
2024-06-06 00:00:00-04:00,194.25514221191406,423.7561950683594,176.29345703125,185.0,177.94000244140625,492.8001403808594,648.52001953125,120.97770690917969,195.82492065429688,39.204402923583984,66.95913696289062,167.4628143310547,276.4855651855469,448.0163879394531,100.74520874023438,170.5463409423828,63.22264099121094,498.0337219238281,28.39920425415039,128.8815460205078,18.009689331054688,40.66451644897461,45.837303161621094,30.22824478149414,123.15229034423828,458.1300048828125,242.00277709960938,78.30809783935547,113.05977630615234,154.2041473388672,455.40582275390625,531.3109741210938,461.9854736328125,202.33282470703125,385.66607666015625,92.30536651611328,219.42999267578125,28.530000686645508,40.978538513183594,214.3383026123047,88.8960952758789,145.15771484375,44.7599983215332,36.0099983215332,191.4199981689453,95.29493713378906,259.2116394042969,80.98056030273438
2024-06-07 00:00:00-04:00,196.66236877441406,423.0874328613281,174.02908325195312,184.3000030517578,177.47999572753906,492.0016784667969,641.469970703125,120.86773681640625,198.84815979003906,39.52233123779297,65.6927490234375,166.06124877929688,278.1123046875,449.124755859375,101.07369995117188,169.74742126464844,62.98611068725586,486.8906555175781,28.182266235351562,129.0296630859375,17.832351684570312,40.28079605102539,45.450618743896484,30.546226501464844,125.56547546386719,465.42999267578125,241.09561157226562,76.74213409423828,111.84951782226562,154.3524932861328,452.2345886230469,530.6651000976562,461.5766906738281,199.95758056640625,384.8339538574219,90.6119613647461,211.60000610351562,26.670000076293945,41.16710662841797,214.83653259277344,88.54188537597656,145.3164825439453,43.79999923706055,33.540000915527344,190.24000549316406,96.12125396728516,254.72772216796875,80.94080352783203
2024-06-10 00:00:00-04:00,192.89671325683594,427.1001892089844,174.778076171875,187.05999755859375,173.7899932861328,501.6229553222656,644.5,121.76958465576172,198.51004028320312,39.41304016113281,66.7696762084961,166.34951782226562,274.48956298828125,448.5855407714844,102.2681884765625,164.64625549316406,62.670738220214844,491.1672668457031,27.679363250732422,129.83935546875,17.59589958190918,39.75933074951172,45.460533142089844,30.71515464782715,124.14947509765625,459.94000244140625,241.08563232421875,77.61319732666016,112.1768798828125,155.00518798828125,450.882568359375,532.3046875,463.44110107421875,200.64332580566406,385.62646484375,90.00788116455078,213.5399932861328,27.1200008392334,41.0083122253418,215.38458251953125,89.2109375,145.8523712158203,44.150001525878906,34.029998779296875,190.1199951171875,95.57369232177734,252.34161376953125,81.10977935791016
2024-06-11 00:00:00-04:00,206.91049194335938,431.9015197753906,176.3859405517578,187.22999572753906,170.66000366210938,506.48345947265625,648.5499877929688,120.899658203125,193.28897094726562,38.60829162597656,66.54033660888672,166.47872924804688,274.1203308105469,448.3758544921875,100.40677642822266,163.82254028320312,62.63131332397461,492.3778381347656,27.639921188354492,130.18496704101562,17.59589958190918,39.7691650390625,45.3812141418457,30.7250919342041,123.53121185302734,462.69000244140625,240.23829650878906,76.24298095703125,111.2741470336914,154.75796508789062,441.65716552734375,533.586669921875,466.6215515136719,199.95767211914062,384.3188781738281,90.93875885009766,214.14999389648438,26.709999084472656,40.5418586730957,219.39035034179688,89.0338363647461,145.2470245361328,44.15999984741211,33.75,185.5,95.44426727294922,252.80889892578125,79.41004943847656
2024-06-12 00:00:00-04:00,212.82366943359375,440.2664489746094,177.55438232421875,186.88999938964844,177.2899932861328,507.8507995605469,650.0599975585938,125.18928527832031,190.4745635986328,39.154727935791016,66.12152099609375,164.19247436523438,269.7790222167969,442.34478759765625,100.33709716796875,162.5919189453125,61.97100067138672,489.2522277832031,27.275070190429688,128.5655517578125,17.349597930908203,39.129634857177734,45.232486724853516,30.56610107421875,139.98477172851562,459.8699951171875,235.06448364257812,76.37999725341797,110.04405212402344,152.51307678222656,446.0611267089844,537.9690551757812,472.7332458496094,203.02720642089844,384.04150390625,91.62205505371094,214.72000122070312,27.030000686645508,40.502159118652344,224.24310302734375,88.0794448852539,144.9393768310547,45.08000183105469,34.0,182.6699981689453,93.26399230957031,253.0077362060547,78.90311431884766
2024-06-13 00:00:00-04:00,213.9923095703125,440.7855224609375,174.92788696289062,183.8300018310547,182.47000122070312,503.1200256347656,653.260009765625,129.59890747070312,192.59283447265625,39.005699157714844,66.51041412353516,165.41513061523438,270.64727783203125,444.3418273925781,99.63035583496094,162.09568786621094,62.079410552978516,493.449462890625,27.265209197998047,127.7459716796875,17.408708572387695,39.13947296142578,45.13333511352539,30.26799201965332,139.4562530517578,458.739990234375,228.3155975341797,75.68000030517578,109.16116333007812,151.14834594726562,443.7249450683594,539.0521850585938,475.29559326171875,201.2532501220703,383.2391357421875,92.96886444091797,212.97000122070312,26.43000030517578,40.47238540649414,226.01681518554688,87.27263641357422,144.82028198242188,44.380001068115234,33.150001525878906,180.6999969482422,93.76177215576172,252.2322540283203,79.75794982910156
2024-06-14 00:00:00-04:00,212.2443389892578,441.77374267578125,176.5557098388672,183.66000366210938,178.00999450683594,503.67950439453125,669.3800048828125,131.8687286376953,192.712158203125,38.9858283996582,66.82950592041016,165.79286193847656,270.11834716796875,443.9723815917969,99.51091003417969,162.5720672607422,62.12409973144531,493.2708740234375,27.146879196166992,127.8545913696289,17.379152297973633,39.03124237060547,45.29197692871094,30.258056640625,137.74110412597656,525.3099975585938,231.21653747558594,73.3499984741211,108.23858642578125,150.88134765625,443.83428955078125,539.3801879882812,477.7582092285156,198.05416870117188,382.82305908203125,93.75119018554688,215.72999572753906,27.010000228881836,40.34336853027344,226.86378479003906,86.6232681274414,144.7706756591797,43.869998931884766,33.40999984741211,177.27000427246094,92.97528076171875,252.1129608154297,79.17149353027344
2024-06-17 00:00:00-04:00,216.41949462890625,447.56329345703125,177.005126953125,184.05999755859375,187.44000244140625,506.14715576171875,675.8300170898438,130.9687957763672,193.90554809570312,39.25407791137695,67.2283706665039,166.4986114501953,270.6273193359375,447.44720458984375,101.05378723144531,164.88446044921875,62.19362258911133,487.5013427734375,26.60453224182129,126.65264129638672,17.408708572387695,38.82462692260742,45.3018913269043,30.784713745117188,140.91213989257812,518.739990234375,229.7610626220703,74.55000305175781,107.49457550048828,151.49447631835938,447.53240966796875,543.6730346679688,483.61065673828125,199.71849060058594,384.9231262207031,92.82032012939453,214.61000061035156,26.920000076293945,40.70064926147461,230.30157470703125,86.84956359863281,144.62179565429688,44.130001068115234,33.20000076293945,178.38999938964844,94.57813262939453,252.04335021972656,80.84140014648438
2024-06-18 00:00:00-04:00,214.042236328125,445.5369567871094,174.85797119140625,182.80999755859375,184.86000061035156,499.0139465332031,685.6699829101562,135.5684051513672,195.91441345214844,39.73097229003906,67.4078598022461,167.55227661132812,273.0724182128906,449.4442443847656,101.03388214111328,165.2218780517578,62.203556060791016,479.3502197265625,27.028549194335938,127.1393814086914,17.78308868408203,39.43464660644531,45.57951354980469,30.436920166015625,144.23277282714844,522.25,231.08692932128906,74.45999908447266,108.50643157958984,151.6329345703125,454.73974609375,545.0543823242188,483.76019287109375,200.0673065185547,385.4778747558594,93.67196655273438,215.47000122070312,26.959999084472656,40.95869064331055,230.59056091308594,87.21360778808594,144.81036376953125,43.68000030517578,33.70000076293945,174.99000549316406,94.3591079711914,249.33908081054688,79.71818542480469
2024-06-20 00:00:00-04:00,209.4375762939453,444.89813232421875,176.06637573242188,186.10000610351562,181.57000732421875,501.22186279296875,679.030029296875,130.76881408691406,197.57521057128906,39.73097229003906,67.81669616699219,166.6676025390625,276.2660217285156,451.8407287597656,101.372314453125,165.4203643798828,61.756622314453125,482.8079833984375,27.35395622253418,128.80821228027344,17.84220314025879,39.59206771850586,46.323143005371094,30.426984786987305,142.5076446533203,522.9500122070312,241.04576110839844,74.3499984741211,110.84757995605469,154.9062957763672,455.3561096191406,543.5736694335938,480.0314025878906,199.22018432617188,388.3802795410156,93.04808044433594,218.16000366210938,28.0,41.177032470703125,227.999755859375,88.8173828125,145.28671264648438,43.369998931884766,34.54999923706055,176.3000030517578,95.14559936523438,252.33168029785156,79.24107360839844
2024-06-21 00:00:00-04:00,207.2501220703125,448.97076416015625,179.3919677734375,189.0800018310547,183.00999450683594,494.3084411621094,686.1199951171875,126.55917358398438,195.21827697753906,39.23421096801758,67.71697998046875,167.2540740966797,274.6692199707031,454.1772766113281,101.80033874511719,166.01583862304688,62.34260177612305,480.8847961425781,27.35395622253418,129.8512420654297,18.127914428710938,39.59206771850586,46.888301849365234,30.894020080566406,141.1016082763672,533.4400024414062,244.29559326171875,73.66999816894531,109.87541198730469,153.56134033203125,447.53240966796875,542.844970703125,478.7452392578125,199.66867065429688,388.52325439453125,93.04808044433594,214.77999877929688,26.979999542236328,41.01824188232422,227.60116577148438,88.30574798583984,145.69358825683594,43.31999969482422,33.9900016784668,176.55999755859375,96.74845123291016,257.88934326171875,79.429931640625
2024-06-24 00:00:00-04:00,207.89935302734375,446.8645935058594,178.9824981689453,185.57000732421875,182.5800018310547,498.43450927734375,669.02001953125,118.09989929199219,197.7840576171875,39.76077651977539,68.70417022705078,167.44293212890625,275.7470397949219,456.2841491699219,101.51168060302734,166.80979919433594,63.5344352722168,488.24871826171875,27.965328216552734,132.07635498046875,18.374217987060547,40.5070915222168,46.87838363647461,30.37729835510254,139.4961395263672,524.1699829101562,239.1915740966797,74.79000091552734,113.1391372680664,157.54673767089844,459.3723449707031,541.080322265625,473.2948913574219,200.53570556640625,391.1442565917969,93.42439270019531,215.6300048828125,27.0,41.4397087097168,222.0211944580078,90.53235626220703,146.54342651367188,43.2400016784668,34.25,179.10000610351562,96.73849487304688,258.8736267089844,79.25101470947266
2024-06-25 00:00:00-04:00,208.8282928466797,450.138671875,183.78611755371094,186.33999633789062,187.35000610351562,510.1133728027344,672.4099731445312,126.07920837402344,196.97853088378906,39.12492370605469,67.2283706665039,165.85250854492188,272.9825744628906,454.97607421875,101.73066711425781,166.08531188964844,63.40531921386719,482.7880554199219,27.60047721862793,132.03662109375,18.41362762451172,40.41854476928711,46.9775390625,30.546226501464844,138.77816772460938,526.8800048828125,241.00587463378906,73.79000091552734,113.45658111572266,156.70616149902344,454.6900634765625,543.1640014648438,478.7073059082031,199.87794494628906,388.2055358886719,93.58284759521484,214.55999755859375,26.399999618530273,41.130828857421875,226.0938720703125,90.74063873291016,146.08514404296875,43.33000183105469,33.84000015258789,175.10000610351562,94.32923889160156,255.89097595214844,78.80371856689453
2024-06-26 00:00:00-04:00,213.00344848632812,451.34649658203125,183.63632202148438,193.61000061035156,196.3699951171875,512.6309814453125,677.6900024414062,126.38919067382812,196.342041015625,38.74738311767578,68.09590148925781,166.44891357421875,273.0524597167969,451.7109069824219,101.71076202392578,165.47991943359375,63.6138916015625,482.3296813964844,27.038410186767578,130.6260528564453,18.48259162902832,40.3595085144043,46.461952209472656,30.347488403320312,137.84080505371094,528.6599731445312,242.3915557861328,74.16999816894531,113.49626159667969,154.2239227294922,453.1789855957031,543.8419189453125,479.6958923339844,199.34974670410156,388.4239807128906,92.2459487915039,212.5800018310547,26.309999465942383,40.871768951416016,225.8343505859375,89.84800720214844,145.56707763671875,43.58000183105469,33.81999969482422,178.5,93.64230346679688,256.3383483886719,78.67449951171875
2024-06-27 00:00:00-04:00,213.85247802734375,452.0352478027344,185.164306640625,197.85000610351562,197.4199981689453,519.0648193359375,684.3400268554688,123.9793930053711,198.0724639892578,38.995765686035156,67.68706512451172,165.62387084960938,266.0564880371094,442.09515380859375,101.7008056640625,165.0035400390625,63.4748420715332,484.72119140625,27.41312026977539,128.9572296142578,18.47273826599121,40.16272735595703,47.04694366455078,30.397172927856445,139.7853240966797,546.760009765625,252.06130981445312,72.37000274658203,113.98234558105469,154.58984375,443.33721923828125,544.6992797851562,480.93414306640625,201.3728485107422,388.74169921875,92.61235046386719,214.99000549316406,26.450000762939453,40.82194900512695,225.94415283203125,90.0562973022461,145.3279571533203,44.0099983215332,34.22999954223633,182.50999450683594,93.771728515625,256.6764221191406,78.76395416259766
2024-06-28 00:00:00-04:00,210.37648010253906,446.1458740234375,181.9086151123047,193.25,197.8800048828125,503.73944091796875,674.8800048828125,123.52943420410156,201.1454315185547,39.51239776611328,67.51754760742188,163.9340362548828,261.9447326660156,440.50750732421875,98.83403015136719,163.68359375,63.21661376953125,507.4605712890625,27.59061622619629,122.97723388671875,18.827415466308594,40.575965881347656,47.10643005371094,30.774776458740234,140.8024444580078,555.5399780273438,256.29803466796875,72.0,114.20059204101562,154.688720703125,449.6598205566406,542.5557861328125,478.4376525878906,202.2000274658203,388.31475830078125,90.88924407958984,215.00999450683594,26.56999969482422,40.96144485473633,225.82435607910156,90.40342712402344,145.20840454101562,43.95000076293945,33.93000030517578,182.00999450683594,75.03530883789062,253.36566162109375,77.38230895996094
2024-07-01 00:00:00-04:00,216.49940490722656,455.90826416015625,182.7475128173828,197.1999969482422,209.86000061035156,504.1990051269531,673.6099853515625,124.28936767578125,204.31785583496094,39.75083923339844,67.2882080078125,161.7471923828125,262.7131652832031,436.9627380371094,97.58977508544922,161.6590118408203,62.84912872314453,492.9021911621094,27.8272762298584,127.04998016357422,18.699337005615234,41.06791687011719,47.11634826660156,30.645597457885742,142.6871337890625,560.010009765625,255.4108123779297,72.18000030517578,114.04186248779297,154.78762817382812,460.9331359863281,543.6724243164062,481.2437438964844,200.5058135986328,388.6423645019531,89.32059478759766,215.57000732421875,26.850000381469727,41.051116943359375,227.5312957763672,90.45301055908203,144.39144897460938,44.45000076293945,33.88999938964844,186.6999969482422,76.48882293701172,248.54373168945312,76.66663360595703
2024-07-02 00:00:00-04:00,220.0153350830078,458.45367431640625,184.99452209472656,200.0,231.25999450683594,509.014404296875,679.5800170898438,122.65950775146484,207.67922973632812,40.66488265991211,67.87652587890625,162.92013549804688,267.6932067871094,443.9923400878906,97.54000091552734,162.3437957763672,62.72001647949219,496.4794921875,27.442703247070312,126.87117767333984,18.541704177856445,40.43821716308594,46.87838363647461,30.874147415161133,142.87660217285156,567.7100219726562,255.39088439941406,73.68000030517578,113.26809692382812,155.01507568359375,462.87164306640625,547.3311767578125,486.296630859375,201.19346618652344,390.459228515625,90.01599884033203,215.55999755859375,26.969999313354492,41.52938461303711,228.66925048828125,90.38358306884766,143.86341857910156,44.81999969482422,34.02000045776367,185.4199981689453,75.70233154296875,246.3564453125,76.36843872070312
2024-07-03 00:00:00-04:00,221.29385375976562,459.94097900390625,185.57376098632812,197.58999633789062,246.38999938964844,509.4739685058594,682.510009765625,128.26902770996094,207.54000854492188,40.63507843017578,68.04603576660156,162.85055541992188,268.45166015625,447.5171203613281,98.15715026855469,161.3712158203125,62.8987922668457,488.1590270996094,27.31451416015625,125.01360321044922,18.40377426147461,40.4578971862793,46.689998626708984,31.033138275146484,143.9735107421875,570.1500244140625,260.13604736328125,75.56999969482422,113.84346771240234,154.97552490234375,465.1680908203125,549.7737426757812,490.3509521484375,201.1436309814453,390.00250244140625,91.19820404052734,217.99000549316406,27.84000015258789,41.39985275268555,231.7537078857422,90.78031158447266,142.76751708984375,45.61000061035156,35.279998779296875,184.30999755859375,74.90587615966797,248.5536651611328,75.80186462402344
2024-07-05 00:00:00-04:00,226.07830810546875,466.7187805175781,190.34742736816406,200.0,251.52000427246094,539.3953857421875,690.6500244140625,125.8192367553711,204.7899932861328,40.148250579833984,69.84092712402344,164.22232055664062,269.81890869140625,448.8251953125,97.54000091552734,163.14767456054688,63.32585906982422,486.2856750488281,27.65964126586914,125.60961151123047,18.492443084716797,40.60548400878906,46.650001525878906,31.818159103393555,144.4222412109375,578.3400268554688,262.3690490722656,74.5199966430664,112.46456909179688,152.60208129882812,462.0167236328125,552.9439697265625,495.4637451171875,200.1868896484375,390.8663024902344,91.95321655273438,220.92999267578125,28.479999542236328,41.389888763427734,232.4624481201172,89.36202239990234,143.87339782714844,45.95000076293945,36.27000045776367,184.8300018310547,75.09503936767578,249.63735961914062,75.59312438964844
2024-07-08 00:00:00-04:00,227.55661010742188,465.4011535644531,188.7794952392578,199.2899932861328,252.94000244140625,528.8155517578125,685.739990234375,128.18902587890625,205.1699981689453,40.35688781738281,69.48194885253906,165.52447509765625,265.8668518066406,445.5799865722656,97.37000274658203,160.89483642578125,62.531307220458984,487.6109619140625,27.54131317138672,124.9440689086914,18.531850814819336,40.86129379272461,46.060001373291016,33.77574157714844,144.62167358398438,575.4000244140625,256.56719970703125,73.5,111.28407287597656,152.62185668945312,462.0863037109375,553.58203125,496.64208984375,201.59210205078125,390.62799072265625,92.15190887451172,218.19000244140625,28.1299991607666,41.2802848815918,234.04959106445312,88.8165283203125,143.7139892578125,45.88999938964844,36.099998474121094,185.83999633789062,72.7256088256836,246.41610717773438,74.12200927734375
2024-07-09 00:00:00-04:00,228.4156036376953,458.7132263183594,188.7295684814453,199.33999633789062,262.3299865722656,529.494873046875,685.739990234375,131.3687744140625,207.6300048828125,41.15170669555664,69.70132446289062,164.66961669921875,264.9087829589844,444.70001220703125,97.05000305175781,160.67648315429688,62.263145446777344,490.37115478515625,27.3342342376709,125.20233917236328,18.52199935913086,40.6349983215332,45.79999923706055,34.3719596862793,140.28390502929688,566.02001953125,252.03431701660156,75.69999694824219,110.0539779663086,151.28680419921875,470.0491943359375,554.120361328125,497.07147216796875,200.715087890625,390.11175537109375,91.74459838867188,218.55999755859375,28.1200008392334,41.59912872314453,233.85992431640625,88.03300476074219,144.411376953125,46.04999923706055,36.11000061035156,183.24000549316406,72.13822174072266,244.39785766601562,72.31294250488281
2024-07-10 00:00:00-04:00,232.71063232421875,465.4111328125,190.9266357421875,199.7899932861328,263.260009765625,534.180419921875,677.6500244140625,134.89846801757812,207.8000030517578,41.469635009765625,70.20987701416016,165.8028106689453,262.4736633300781,433.6400146484375,96.97000122070312,162.3537139892578,62.40219497680664,499.1600036621094,27.955467224121094,126.45397186279297,18.739999771118164,41.08000183105469,46.27000045776367,34.65019226074219,141.67001342773438,564.5499877929688,252.19406127929688,76.01000213623047,111.0261459350586,153.4130096435547,476.0735778808594,559.6035766601562,502.25421142578125,202.6783905029297,394.400634765625,92.0326919555664,219.36000061035156,28.15999984741211,41.75855255126953,237.2538299560547,88.62808227539062,145.77630615234375,45.95000076293945,37.04999923706055,183.72999572753906,72.2178726196289,249.04083251953125,72.07438659667969
2024-07-11 00:00:00-04:00,227.30690002441406,453.8819274902344,185.3240966796875,195.0500030517578,241.02999877929688,512.2113647460938,652.75,127.38910675048828,207.4499969482422,41.5391845703125,69.60160827636719,164.55032348632812,262.0245361328125,436.4200134277344,96.5999984741211,162.71099853515625,62.670352935791016,502.577880859375,28.261152267456055,128.1128692626953,18.860000610351562,41.29999923706055,46.7599983215332,33.2888298034668,142.75999450683594,557.6300048828125,250.7263641357422,78.5199966430664,112.34552001953125,153.54156494140625,476.41156005859375,554.7783203125,491.23968505859375,209.96353149414062,394.76800537109375,92.92680358886719,223.25,28.68000030517578,42.08736038208008,231.3144989013672,89.55046844482422,146.80247497558594,45.709999084472656,38.09000015258789,183.91000366210938,73.06409454345703,253.32589721679688,72.8596420288086
2024-07-12 00:00:00-04:00,230.27345275878906,452.7339782714844,184.8247528076172,194.49000549316406,248.22999572753906,498.39453125,647.5999755859375,129.2289581298828,204.94000244140625,41.32060623168945,69.04319763183594,165.6139373779297,265.2081604003906,440.1099853515625,97.12999725341797,165.12265014648438,63.26626968383789,509.7225341796875,28.517534255981445,126.9109115600586,18.809999465942383,41.43000030517578,47.380001068115234,34.27259063720703,144.77000427246094,559.0499877929688,253.57191467285156,79.6500015258789,112.36536407470703,153.86790466308594,477.0577392578125,558.277587890625,494.1256408691406,212.4151611328125,397.4386291503906,93.32417297363281,223.11000061035156,28.1200008392334,42.22685623168945,233.38079833984375,89.77857971191406,147.71905517578125,46.790000915527344,38.16999816894531,182.30999755859375,73.09396362304688,252.43109130859375,74.38045501708984
2024-07-15 00:00:00-04:00,234.12899780273438,453.14324951171875,186.28280639648438,192.72000122070312,252.63999938964844,495.6871337890625,656.4500122070312,128.42901611328125,210.0500030517578,41.6186637878418,69.41214752197266,163.5960693359375,267.91278076171875,444.0,96.87000274658203,162.62168884277344,62.97824478149414,513.5489501953125,28.695030212402344,127.26850891113281,18.579999923706055,40.790000915527344,47.400001525878906,34.242774963378906,143.07000732421875,565.7100219726562,252.46365356445312,78.01000213623047,114.28987121582031,156.29078674316406,489.3351135253906,559.8129272460938,495.4537658691406,216.45140075683594,399.46392822265625,92.25125885009766,223.8300018310547,28.030000686645508,42.84461212158203,233.80003356933594,91.13735961914062,147.2009735107422,47.70000076293945,37.95000076293945,179.11000061035156,70.99333190917969,250.07481384277344,72.31294250488281
2024-07-16 00:00:00-04:00,234.54852294921875,448.71124267578125,183.67626953125,193.02000427246094,256.55999755859375,489.3232116699219,656.3200073242188,126.34918975830078,213.6199951171875,43.844154357910156,69.79106140136719,165.951904296875,268.7111511230469,443.5299987792969,98.47000122070312,163.51487731933594,63.8323860168457,546.9306030273438,29.08946418762207,124.60633087158203,18.850000381469727,41.45000076293945,47.41999816894531,34.12353515625,142.61000061035156,566.5399780273438,255.62867736816406,78.37999725341797,115.11324310302734,156.02378845214844,500.0616455078125,563.1326904296875,495.64349365234375,223.83619689941406,406.7113952636719,93.55266571044922,228.2899932861328,28.610000610351562,43.33284378051758,233.0214385986328,91.54400634765625,149.3031463623047,49.400001525878906,39.279998779296875,186.0500030517578,72.4866714477539,255.78158569335938,75.05636596679688
2024-07-17 00:00:00-04:00,228.61538696289062,442.7220153808594,180.78012084960938,187.92999267578125,248.5,461.5496826171875,647.4600219726562,117.97990417480469,216.8699951171875,43.695125579833984,70.82810974121094,168.42701721191406,272.1542663574219,451.1600036621094,97.30999755859375,168.60610961914062,64.7659912109375,571.25439453125,29.612089157104492,125.05333709716797,19.15999984741211,42.029998779296875,48.52000045776367,34.242774963378906,139.25999450683594,563.0900268554688,250.8262176513672,77.04000091552734,116.7004623413086,159.4454803466797,499.2265625,555.2369384765625,481.09393310546875,221.4941864013672,408.96502685546875,93.5725326538086,227.22999572753906,27.670000076293945,43.66164779663086,223.9577178955078,92.45647430419922,149.98060607910156,48.43000030517578,38.439998626708984,184.83999633789062,72.74551391601562,259.4900207519531,74.6488265991211
2024-07-18 00:00:00-04:00,223.92080688476562,439.57769775390625,177.45452880859375,183.75,249.22999572753906,475.396484375,643.0399780273438,121.07963562011719,209.97999572753906,42.731407165527344,70.61870574951172,167.43299865722656,268.6113586425781,448.7200012207031,96.79000091552734,169.08248901367188,64.74612426757812,562.345947265625,29.296539306640625,123.42424011230469,19.149999618530273,42.06999969482422,48.040000915527344,34.65019226074219,138.02999877929688,556.8499755859375,246.96229553222656,76.54000091552734,117.85120391845703,160.17730712890625,483.3504943847656,550.969970703125,478.817138671875,217.20880126953125,403.7925720214844,92.85725402832031,225.77999877929688,27.200000762939453,43.133567810058594,223.97769165039062,92.62507629394531,146.5733184814453,46.56999969482422,37.869998931884766,180.22999572753906,72.05857849121094,258.0185852050781,73.74430084228516
2024-07-19 00:00:00-04:00,224.0506591796875,436.32354736328125,177.42457580566406,183.1300048828125,239.1999969482422,476.3356018066406,633.3400268554688,117.91991424560547,209.77999877929688,42.62212371826172,70.54890441894531,167.9600067138672,264.9287414550781,443.69000244140625,95.73999786376953,168.0801239013672,64.84544372558594,563.3324584960938,29.552921295166016,124.93413543701172,19.1200008392334,41.619998931884766,47.31999969482422,32.7721061706543,138.55999755859375,551.0,247.24185180664062,75.2699966430664,115.14299774169922,157.3885040283203,482.0780334472656,547.3112182617188,474.5730895996094,216.1025848388672,400.2406311035156,92.31086730957031,221.72999572753906,26.690000534057617,42.695152282714844,220.47396850585938,91.61343383789062,147.32052612304688,46.630001068115234,37.38999938964844,179.6699981689453,72.37715911865234,255.7915496826172,78.79376983642578
2024-07-22 00:00:00-04:00,223.70108032226562,442.14306640625,181.4292449951172,182.5500030517578,251.50999450683594,486.9354553222656,647.5,123.52943420410156,210.27999877929688,42.02600860595703,70.1799545288086,168.25,267.1742248535156,447.94000244140625,94.12999725341797,166.39297485351562,64.3289794921875,556.5565185546875,29.188072204589844,124.85466766357422,18.549999237060547,39.09000015258789,46.81999969482422,33.15964889526367,140.1699981689453,554.8200073242188,253.68173217773438,76.63999938964844,114.3493881225586,155.25242614746094,484.1756286621094,552.9539794921875,481.6431884765625,219.5408477783203,401.4325256347656,92.04263305664062,221.8000030517578,26.6299991607666,42.934288024902344,225.69459533691406,91.0381851196289,148.16737365722656,47.65999984741211,37.45000076293945,178.89999389648438,74.5275650024414,258.0384826660156,76.09011840820312
2024-07-23 00:00:00-04:00,224.74984741210938,444.0496520996094,181.54908752441406,186.41000366210938,246.3800048828125,488.2242431640625,642.760009765625,122.57951354980469,210.3300018310547,42.13529586791992,70.4491958618164,166.6199951171875,264.2601013183594,441.7200012207031,90.94000244140625,165.0233917236328,64.51769256591797,552.7400512695312,29.08946418762207,123.5533676147461,18.209999084472656,38.88999938964844,46.36000061035156,32.7422981262207,143.11000061035156,546.010009765625,255.65863037109375,76.0999984741211,112.5042495727539,152.38450622558594,489.25555419921875,552.0866088867188,479.945556640625,221.87289428710938,400.7769775390625,91.91348266601562,222.5800018310547,26.68000030517578,43.01399612426758,224.79620361328125,89.59014129638672,148.0777130126953,47.7599983215332,37.45000076293945,186.47999572753906,73.07405090332031,252.58023071289062,75.80186462402344
2024-07-24 00:00:00-04:00,218.28732299804688,428.1283264160156,172.40122985839844,180.8300018310547,215.99000549316406,460.8303527832031,635.989990234375,114.24022674560547,208.58999633789062,41.916717529296875,70.39933013916016,168.0,253.6613311767578,432.45001220703125,89.80000305175781,166.89910888671875,65.36190032958984,557.7721557617188,29.562782287597656,125.08313751220703,19.15999984741211,39.66999816894531,46.849998474121094,31.50017547607422,138.77000427246094,531.0399780273438,249.3884735107422,75.80000305175781,114.09146881103516,153.3536834716797,483.837646484375,539.574951171875,462.7297668457031,217.10916137695312,395.9894104003906,90.92003631591797,221.8000030517578,26.43000030517578,42.42613220214844,215.492919921875,89.60005187988281,149.31309509277344,44.709999084472656,37.22999954223633,180.07000732421875,70.77430725097656,251.90415954589844,74.23135375976562
2024-07-25 00:00:00-04:00,217.23855590820312,417.647216796875,167.05831909179688,179.85000610351562,220.25,452.9778747558594,634.0900268554688,112.27039337158203,208.6699981689453,41.4100227355957,69.82097625732422,166.89999389648438,253.23219299316406,429.6000061035156,89.20999908447266,169.7275848388672,65.62013244628906,557.702392578125,29.760000228881836,125.01360321044922,19.190000534057617,39.95000076293945,47.2400016784668,30.90395736694336,137.82000732421875,532.1500244140625,256.1178894042969,75.4000015258789,116.49214172363281,155.79632568359375,488.8181457519531,536.7635498046875,457.6269226074219,219.8199005126953,396.8038635253906,91.66512298583984,218.3300018310547,25.40999984741211,42.58555603027344,213.18707275390625,91.14728546142578,148.56588745117188,45.189998626708984,36.189998626708984,184.35000610351562,71.09288787841797,250.00521850585938,72.87952423095703
2024-07-26 00:00:00-04:00,217.7080078125,424.5048522949219,166.7786865234375,182.5,219.8000030517578,465.25616455078125,631.3699951171875,113.05032348632812,212.24000549316406,41.40008544921875,69.5816650390625,169.11000061035156,258.94073486328125,438.17999267578125,89.93000030517578,171.4445037841797,66.59346008300781,567.7069091796875,30.770000457763672,124.42752838134766,19.010000228881836,40.09000015258789,47.880001068115234,31.152381896972656,139.00999450683594,542.4400024414062,262.2981872558594,76.52999877929688,116.39293670654297,156.09300231933594,496.0951232910156,542.775146484375,462.3203430175781,223.45748901367188,403.2403259277344,92.38040161132812,220.6300048828125,25.479999542236328,43.25313186645508,215.89219665527344,91.43490600585938,149.40277099609375,45.779998779296875,36.47999954223633,186.88999938964844,72.23777770996094,250.54209899902344,73.60514068603516
2024-07-29 00:00:00-04:00,217.98768615722656,425.9622497558594,169.3053436279297,183.1999969482422,232.10000610351562,465.2661437988281,626.9600219726562,111.58045196533203,210.85000610351562,40.82384490966797,69.422119140625,169.92999267578125,261.07647705078125,441.29998779296875,92.13999938964844,171.90103149414062,66.37496185302734,564.7474365234375,30.719999313354492,126.93077850341797,18.899999618530273,40.029998779296875,47.9900016784668,30.63566017150879,138.30999755859375,536.6099853515625,258.1846618652344,78.62000274658203,115.17276000976562,154.8667449951172,489.8222351074219,543.0941772460938,463.2490234375,220.9759521484375,402.7834167480469,92.87712097167969,220.32000732421875,25.440000534057617,43.1933479309082,214.93392944335938,90.65137481689453,149.492431640625,45.93000030517578,36.63999938964844,185.42999267578125,73.223388671875,259.9076232910156,74.74822235107422
2024-07-30 00:00:00-04:00,218.5470428466797,422.15911865234375,170.0643310546875,181.7100067138672,222.6199951171875,462.74853515625,622.5800170898438,103.72113037109375,215.19000244140625,41.01261520385742,68.99333953857422,161.6999969482422,262.5734558105469,447.45001220703125,93.79000091552734,171.87124633789062,67.21916961669922,574.2935791015625,31.389999389648438,114.48405456542969,18.979999542236328,40.040000915527344,48.13999938964844,29.94007110595703,135.6699981689453,538.7100219726562,257.52569580078125,78.0,117.22622680664062,157.80386352539062,502.6960754394531,540.3425903320312,456.8879699707031,221.8131103515625,404.6706237792969,93.2347640991211,222.52000427246094,25.829999923706055,43.6915397644043,209.53363037109375,92.05974578857422,149.6219482421875,44.959999084472656,36.95000076293945,186.86000061035156,73.9899673461914,264.8985595703125,75.4837875366211
2024-07-31 00:00:00-04:00,221.8232421875,417.5973205566406,171.3126678466797,186.97999572753906,232.07000732421875,474.37744140625,628.3499755859375,117.0099868774414,212.8000030517578,40.04890060424805,68.44490051269531,160.75999450683594,265.1383361816406,463.7099914550781,93.69000244140625,171.36509704589844,66.28556823730469,574.1241455078125,30.540000915527344,112.37813568115234,19.25,40.52000045776367,48.45000076293945,30.546226501464844,139.4499969482422,551.6500244140625,258.3943176269531,78.8499984741211,117.64287567138672,158.69390869140625,506.0362854003906,549.1256713867188,470.4089660644531,223.0987091064453,405.7433776855469,94.18846893310547,226.5500030517578,26.389999389648438,43.581939697265625,218.40768432617188,92.44654846191406,149.07400512695312,45.529998779296875,37.93000030517578,190.60000610351562,74.5275650024414,263.86456298828125,77.48170471191406
2024-08-01 00:00:00-04:00,218.1075439453125,416.3595275878906,170.53370666503906,184.07000732421875,216.86000061035156,497.2655944824219,624.8499755859375,109.2006607055664,207.9600067138672,39.244144439697266,69.59163665771484,165.69000244140625,265.3977966308594,462.4100036621094,93.05000305175781,173.63780212402344,67.49726104736328,570.7461547851562,30.649999618530273,113.06355285644531,19.469999313354492,40.849998474121094,47.38999938964844,28.866878509521484,137.50999450683594,546.4099731445312,252.663330078125,77.9800033569336,116.0159683227539,150.9307861328125,497.1786804199219,541.3495483398438,459.0149841308594,215.84347534179688,400.5187683105469,95.00082397460938,225.77000427246094,26.030000686645508,42.96417999267578,210.26231384277344,89.99678039550781,150.5983123779297,43.209999084472656,37.27000045776367,178.30999755859375,73.52204895019531,267.1951904296875,74.65876770019531
2024-08-02 00:00:00-04:00,219.60580444335938,407.7550354003906,166.43914794921875,167.89999389648438,207.6699981689453,487.6747741699219,613.6400146484375,107.26081848144531,199.13999938964844,37.33658218383789,68.26541137695312,170.0800018310547,266.0464782714844,462.0199890136719,89.56999969482422,176.69451904296875,68.85794067382812,587.7459106445312,30.43000030517578,114.43437957763672,19.3700008392334,40.970001220703125,46.65999984741211,21.3445987701416,133.27999877929688,526.1699829101562,243.58758544921875,77.44999694824219,115.946533203125,146.9058380126953,467.8721008300781,531.2704467773438,448.1202697753906,208.2095184326172,394.4597473144531,97.96118927001953,225.33999633789062,26.040000915527344,41.90801239013672,204.35293579101562,87.67594909667969,150.29942321777344,41.209999084472656,36.47999954223633,169.9499969482422,73.68134307861328,275.0892639160156,75.42414093017578
2024-08-05 00:00:00-04:00,209.02806091308594,394.4390563964844,159.03897094726562,161.02000427246094,198.8800048828125,475.276611328125,598.5499877929688,100.44140625,194.89999389648438,36.41260528564453,67.39788818359375,168.05999755859375,255.92678833007812,442.0,87.77999877929688,172.72474670410156,67.63630676269531,567.9461059570312,29.739999771118164,111.56359100341797,18.90999984741211,39.79999923706055,44.7400016784668,19.983234405517578,127.86000061035156,509.32000732421875,238.63534545898438,76.9800033569336,113.85337829589844,143.05889892578125,456.3204040527344,515.7979125976562,434.7590637207031,201.51235961914062,384.2091369628906,98.47950744628906,222.47999572753906,24.860000610351562,40.69241714477539,197.54515075683594,85.7419204711914,146.28439331054688,39.59000015258789,35.34000015258789,167.02999877929688,71.10284423828125,266.8969421386719,73.41627502441406
2024-08-06 00:00:00-04:00,206.9904022216797,398.8910217285156,158.08023071289062,161.92999267578125,200.63999938964844,493.61907958984375,609.5700073242188,104.24108123779297,200.33999633789062,36.68085479736328,67.5474624633789,168.08999633789062,257.7431640625,448.29998779296875,89.97000122070312,171.1864776611328,67.58665466308594,566.3417358398438,29.31999969482422,110.41130065917969,19.190000534057617,40.2599983215332,45.15999984741211,19.704999923706055,128.2100067138672,514.2000122070312,238.04627990722656,77.9000015258789,113.24826049804688,141.64471435546875,467.4545593261719,520.5533447265625,438.9132080078125,203.7048797607422,387.33795166015625,96.27667236328125,220.6999969482422,24.639999389648438,41.350032806396484,200.23033142089844,86.26758575439453,146.9618682861328,40.20000076293945,35.630001068115234,165.0399932861328,72.17804718017578,268.49761962890625,74.91720581054688
2024-08-07 00:00:00-04:00,209.57742309570312,397.7131652832031,158.7293701171875,162.77000427246094,191.75999450683594,488.45404052734375,611.47998046875,98.90154266357422,200.39999389648438,37.05839538574219,66.7198257446289,170.02000427246094,256.0066223144531,449.8399963378906,85.95999908447266,170.4917449951172,67.99385833740234,564.079833984375,28.850000381469727,111.74239349365234,19.25,40.279998779296875,45.119998931884766,18.989999771118164,125.9000015258789,513.6199951171875,239.6637420654297,77.83000183105469,114.75611877441406,140.83380126953125,470.2281494140625,517.073974609375,434.1598815917969,201.29310607910156,385.16265869140625,95.59888458251953,220.5500030517578,24.329999923706055,41.39985275268555,196.9861602783203,86.61471557617188,145.46743774414062,39.470001220703125,34.709999084472656,163.24000549316406,72.29751586914062,267.81158447265625,74.83768463134766
2024-08-08 00:00:00-04:00,213.06338500976562,401.9654846191406,161.81527709960938,165.8000030517578,198.83999633789062,509.144287109375,630.3499755859375,104.96102142333984,204.05999755859375,37.96249771118164,67.46768951416016,170.8699951171875,259.30999755859375,455.5799865722656,85.95999908447266,171.06736755371094,68.26202392578125,564.2391967773438,28.760000228881836,113.16288757324219,19.399999618530273,40.52000045776367,45.83000183105469,20.489999771118164,128.9600067138672,530.239990234375,248.72950744628906,80.30999755859375,116.9484634399414,142.89077758789062,482.9130859375,529.02734375,447.4412536621094,206.18641662597656,391.8672790527344,95.01079559326172,224.00999450683594,25.010000228881836,42.06743240356445,204.34295654296875,88.47930908203125,148.68545532226562,41.290000915527344,35.54999923706055,168.8699951171875,73.86054229736328,269.6210632324219,75.294921875
2024-08-09 00:00:00-04:00,215.99000549316406,405.28948974609375,163.45310974121094,166.94000244140625,200.0,517.2765502929688,633.9400024414062,104.74104309082031,205.8000030517578,38.032047271728516,67.7568588256836,170.5399932861328,259.760009765625,456.7799987792969,86.20999908447266,171.08721923828125,68.21236419677734,556.78564453125,28.549999237060547,113.78870391845703,19.489999771118164,40.75,45.470001220703125,19.709999084472656,132.05999755859375,536.2999877929688,252.1341552734375,79.98999786376953,117.90079498291016,143.38523864746094,487.376708984375,531.3601684570312,449.7779541015625,205.7578887939453,392.4930725097656,95.94774627685547,224.55999755859375,25.0,42.24678421020508,205.2613067626953,88.67768096923828,149.4226837158203,41.459999084472656,35.84000015258789,167.91000366210938,74.00987243652344,266.36004638671875,74.63888549804688
2024-08-12 00:00:00-04:00,217.52999877929688,406.07806396484375,162.07492065429688,166.8000030517578,197.49000549316406,515.458251953125,633.1400146484375,109.01067352294922,206.19000244140625,37.92275619506836,68.50473022460938,166.80999755859375,259.8900146484375,455.69000244140625,85.94999694824219,170.1245574951172,67.7058334350586,563.2925415039062,28.450000762939453,112.72581481933594,19.43000030517578,40.529998779296875,44.86000061035156,19.360000610351562,132.5800018310547,530.9299926757812,250.91607666015625,80.91000366210938,118.04959869384766,143.41490173339844,482.6446838378906,531.6393432617188,450.74658203125,203.9042205810547,391.1223449707031,96.2966079711914,228.41000366210938,25.489999771118164,42.0275764465332,206.9382781982422,89.11406707763672,148.8548126220703,40.91999816894531,36.900001525878906,164.1300048828125,74.30854034423828,267.90106201171875,76.56723022460938
2024-08-13 00:00:00-04:00,221.27000427246094,413.26513671875,163.9424591064453,170.22999572753906,207.8300018310547,528.0362548828125,648.02001953125,116.13006591796875,207.94000244140625,38.210880279541016,67.93634796142578,167.2899932861328,260.1300048828125,459.3599853515625,85.5999984741211,171.06736755371094,67.99385833740234,572.2109375,28.850000381469727,113.62976837158203,19.520000457763672,40.779998779296875,45.369998931884766,20.469999313354492,134.25999450683594,535.219970703125,254.200927734375,81.0999984741211,116.91870880126953,142.5545196533203,489.04681396484375,540.3824462890625,461.93084716796875,207.2627410888672,395.11529541015625,96.96443939208984,228.05999755859375,25.420000076293945,42.37630844116211,213.29685974121094,88.2511978149414,150.6580810546875,42.59000015258789,37.380001068115234,168.75999450683594,78.15140533447266,268.74615478515625,95.32386779785156
2024-08-14 00:00:00-04:00,221.72000122070312,416.1099853515625,160.157470703125,170.10000610351562,201.3800048828125,526.2579956054688,661.6799926757812,118.06990051269531,210.24000549316406,38.558616638183594,68.46485137939453,168.8000030517578,261.1400146484375,460.1600036621094,86.30000305175781,172.39724731445312,68.11304473876953,577.6217651367188,28.8799991607666,112.82514953613281,19.6299991607666,40.900001525878906,45.439998626708984,19.920000076293945,135.60000610351562,539.7899780273438,254.9197998046875,79.47000122070312,118.0,143.0687713623047,495.7670593261719,542.0872802734375,462.0806884765625,205.9771270751953,397.39984130859375,97.57245635986328,226.1999969482422,25.1299991607666,42.894432067871094,214.4647674560547,88.76693725585938,151.19607543945312,41.90999984741211,37.11000061035156,168.5,78.17131042480469,269.581298828125,93.33588409423828
2024-08-15 00:00:00-04:00,224.72000122070312,421.0299987792969,161.08624267578125,177.58999633789062,214.13999938964844,536.81787109375,663.219970703125,122.84949493408203,211.5500030517578,38.77718734741211,72.97200012207031,167.9199981689453,266.79998779296875,468.7099914550781,88.79000091552734,171.21624755859375,68.18257141113281,577.5619506835938,28.709999084472656,112.55693817138672,19.09000015258789,40.040000915527344,48.529998779296875,20.690000534057617,136.92999267578125,554.1599731445312,262.3780822753906,79.54000091552734,118.7300033569336,145.17520141601562,496.08514404296875,551.3787841796875,473.7542724609375,211.3188934326172,403.1509094238281,96.78501892089844,226.91000366210938,25.860000610351562,43.29298782348633,220.63368225097656,89.82817077636719,152.14256286621094,43.91999816894531,37.290000915527344,176.41000366210938,82.13363647460938,273.27978515625,94.30999755859375
2024-08-16 00:00:00-04:00,226.0500030517578,418.4700012207031,162.74404907226562,177.05999755859375,216.1199951171875,526.9172973632812,674.0700073242188,124.56934356689453,213.97000122070312,39.085182189941406,73.44999694824219,167.88999938964844,267.3800048828125,468.8800048828125,89.30000305175781,171.3154754638672,68.7089614868164,575.6387939453125,28.299999237060547,112.91455078125,19.34000015258789,40.61000061035156,49.459999084472656,20.8700008392334,137.47000122070312,553.4600219726562,262.4978942871094,83.18000030517578,118.16999816894531,145.63999938964844,501.29437255859375,552.614990234375,474.3634033203125,211.87701416015625,404.33087158203125,97.12391662597656,231.99000549316406,26.43000030517578,43.61183166503906,221.00302124023438,89.72899627685547,152.3019561767578,44.09000015258789,38.4900016784668,179.99000549316406,82.86040496826172,276.8788146972656,94.80999755859375
2024-08-19 00:00:00-04:00,225.88999938964844,421.5299987792969,166.44912719726562,178.22000122070312,222.72000122070312,528.7755737304688,688.530029296875,129.98887634277344,215.4499969482422,39.41304016113281,73.72000122070312,168.4199981689453,266.4700012207031,466.9800109863281,90.81999969482422,172.5064239501953,68.51032257080078,576.7349243164062,28.799999237060547,113.6595687866211,19.489999771118164,40.7400016784668,49.97999954223633,21.520000457763672,137.9199981689453,563.1199951171875,264.9640197753906,83.91000366210938,118.52999877929688,146.8300018310547,501.7118835449219,557.8987426757812,480.5946350097656,214.46815490722656,406.68682861328125,97.57245635986328,231.61000061035156,26.829999923706055,43.85095977783203,224.646484375,90.33399963378906,153.22850036621094,45.09000015258789,39.220001220703125,179.63999938964844,82.91017150878906,285.88641357421875,92.30000305175781
2024-08-20 00:00:00-04:00,226.50999450683594,424.79998779296875,166.9584503173828,178.8800048828125,221.10000610351562,526.2279663085938,698.5399780273438,127.2391128540039,214.52000427246094,38.439388275146484,74.54000091552734,170.41000366210938,268.0400085449219,469.1199951171875,89.73999786376953,174.52108764648438,68.9075927734375,578.5983276367188,28.899999618530273,114.3747787475586,19.489999771118164,40.849998474121094,50.2400016784668,20.989999771118164,139.1699981689453,562.25,261.4295654296875,81.04000091552734,114.58000183105469,144.69000244140625,494.4150390625,556.9915771484375,479.5860595703125,211.96670532226562,406.1401062011719,98.34992980957031,232.4600067138672,26.8700008392334,43.71146774291992,223.85789489746094,87.95365142822266,153.84619140625,44.540000915527344,39.5,172.10000610351562,83.18893432617188,283.9775390625,93.01000213623047
2024-08-21 00:00:00-04:00,226.39999389648438,424.1400146484375,165.63021850585938,180.11000061035156,223.27000427246094,534.64990234375,697.1199951171875,128.489013671875,214.60000610351562,38.499000549316406,75.23999786376953,170.16000366210938,268.20001220703125,468.0,90.72000122070312,173.88592529296875,69.09629821777344,576.0274658203125,29.030000686645508,115.25886535644531,19.540000915527344,41.04999923706055,50.45000076293945,21.40999984741211,140.1999969482422,565.7899780273438,260.6807556152344,83.52999877929688,113.8499984741211,145.32000732421875,493.54022216796875,558.9057006835938,481.8229064941406,214.72727966308594,406.56756591796875,98.40973663330078,232.14999389648438,26.950000762939453,43.641719818115234,225.175537109375,88.10242462158203,154.105224609375,45.61000061035156,39.77000045776367,173.42999267578125,83.6269760131836,288.0339050292969,92.77999877929688
2024-08-22 00:00:00-04:00,224.52999877929688,415.54998779296875,163.5829315185547,176.1300048828125,210.66000366210938,531.4230346679688,688.9600219726562,123.72941589355469,216.6300048828125,38.9858283996582,75.58000183105469,170.14999389648438,267.94000244140625,468.82000732421875,89.91999816894531,174.4119110107422,68.85794067382812,576.6751098632812,28.780000686645508,115.7754135131836,19.510000228881836,40.869998931884766,50.220001220703125,20.100000381469727,138.0800018310547,557.4400024414062,258.1846618652344,82.95999908447266,114.7300033569336,145.72999572753906,494.8226318359375,554.5191040039062,474.18365478515625,212.833740234375,405.0665283203125,97.43291473388672,229.3699951171875,26.389999389648438,43.89081954956055,219.9948272705078,88.3305435180664,154.20484924316406,44.25,38.779998779296875,172.75999450683594,83.03960418701172,287.53680419921875,92.43000030517578
2024-08-23 00:00:00-04:00,226.83999633789062,416.7900085449219,165.4005126953125,177.0399932861328,220.32000732421875,527.4967651367188,686.72998046875,129.3589324951172,218.30999755859375,39.51239776611328,75.69999694824219,169.1699981689453,267.44000244140625,466.44000244140625,90.55999755859375,174.54092407226562,69.31480407714844,582.4447021484375,28.899999618530273,115.82508087158203,19.729999542236328,41.209999084472656,50.7400016784668,20.540000915527344,139.19000244140625,558.2999877929688,263.586181640625,85.41000366210938,116.31999969482422,147.6199951171875,506.42401123046875,560.4110717773438,479.326416015625,219.63055419921875,409.3907165527344,98.07083892822266,232.02000427246094,27.200000762939453,44.269447326660156,223.55844116210938,89.64965057373047,154.8723602294922,46.2400016784668,39.34000015258789,174.9600067138672,83.6767578125,287.8450012207031,94.0199966430664
2024-08-26 00:00:00-04:00,227.17999267578125,413.489990234375,165.93980407714844,175.5,213.2100067138672,520.6233520507812,688.4400024414062,126.44918060302734,219.1699981689453,39.66142272949219,76.02999877929688,170.35000610351562,268.2099914550781,468.6400146484375,91.77999877929688,174.64016723632812,70.35765075683594,585.055419921875,28.920000076293945,115.49726867675781,19.760000228881836,41.4900016784668,50.790000915527344,20.1299991607666,138.89999389648438,559.4400024414062,264.8641662597656,81.76000213623047,118.80999755859375,148.5,504.88311767578125,559.0751342773438,474.6729736328125,219.70030212402344,410.2754821777344,97.82164764404297,232.75999450683594,27.31999969482422,44.408939361572266,220.7534637451172,90.45301055908203,154.79266357421875,45.72999954223633,39.22999954223633,173.47999572753906,83.90573120117188,287.0098876953125,95.62999725341797
2024-08-27 00:00:00-04:00,228.02999877929688,413.8399963378906,164.46176147460938,173.1199951171875,209.2100067138672,518.605224609375,695.719970703125,128.28903198242188,220.17999267578125,39.41304016113281,76.12999725341797,169.25,270.7200012207031,474.989990234375,90.9000015258789,173.97523498535156,71.0131607055664,585.2745971679688,28.81999969482422,115.72574615478516,19.649999618530273,41.45000076293945,50.709999084472656,20.06999969482422,138.47999572753906,567.8200073242188,263.785888671875,81.44999694824219,117.68000030517578,146.9499969482422,504.2767028808594,559.8428344726562,476.0909729003906,217.99612426757812,410.4444885253906,97.6521987915039,233.38999938964844,27.360000610351562,44.63810729980469,222.09107971191406,89.60997772216797,155.03176879882812,45.41999816894531,39.220001220703125,173.0500030517578,84.9112548828125,287.96435546875,98.5999984741211
2024-08-28 00:00:00-04:00,226.49000549316406,410.6000061035156,162.6342010498047,170.8000030517578,205.75,516.2874755859375,683.8400268554688,125.59925842285156,221.2899932861328,39.69123077392578,76.08000183105469,169.05999755859375,269.19000244140625,471.79998779296875,89.48999786376953,172.60565185546875,71.26145935058594,586.4603881835938,28.75,116.61976623535156,19.81999969482422,41.4900016784668,49.849998474121094,19.610000610351562,137.8800048828125,560.5399780273438,258.4941711425781,79.62000274658203,116.5199966430664,146.0,500.36981201171875,556.5927734375,470.6885681152344,216.52114868164062,408.90362548828125,97.53258514404297,231.75,26.690000534057617,44.747711181640625,219.0265655517578,89.03472137451172,155.21109008789062,44.27000045776367,38.36000061035156,170.7100067138672,82.42235565185547,285.3893127441406,95.30000305175781
2024-08-29 00:00:00-04:00,229.7899932861328,413.1199951171875,161.56561279296875,172.1199951171875,206.27999877929688,517.72607421875,692.47998046875,117.57994079589844,222.2100067138672,39.9098014831543,76.41999816894531,170.02999877929688,274.32000732421875,480.79998779296875,89.80999755859375,170.78948974609375,71.55941772460938,589.479736328125,28.719999313354492,116.67935943603516,19.760000228881836,41.25,50.38999938964844,20.1299991607666,139.4199981689453,569.6300048828125,256.6071472167969,81.0199966430664,118.12999725341797,147.4199981689453,507.1000061035156,556.642578125,469.9995422363281,218.06588745117188,411.45843505859375,97.213623046875,232.9499969482422,26.809999465942383,45.14626693725586,217.0501251220703,90.19514465332031,155.5398712158203,44.68000030517578,38.880001068115234,172.25999450683594,82.89026641845703,286.1946105957031,94.86000061035156
2024-08-30 00:00:00-04:00,229.0,417.1400146484375,163.1634979248047,178.5,214.11000061035156,520.8131713867188,701.3499755859375,119.35979461669922,224.8000030517578,40.486045837402344,77.2300033569336,171.5399932861328,276.3699951171875,483.3399963378906,90.37999725341797,171.57351684570312,71.97655487060547,588.1145629882812,29.010000228881836,117.66278076171875,19.899999618530273,41.779998779296875,50.540000915527344,22.040000915527344,141.2899932861328,574.4099731445312,252.50357055664062,83.33999633789062,117.94000244140625,147.9499969482422,510.25,561.956298828125,475.6016540527344,219.33157348632812,413.7447814941406,96.17699432373047,231.2899932861328,26.350000381469727,45.57471466064453,219.93495178222656,90.53235626220703,156.61585998535156,44.81999969482422,38.619998931884766,173.74000549316406,82.94999694824219,286.9900207519531,94.56999969482422
2024-09-03 00:00:00-04:00,222.77000427246094,409.44000244140625,157.15147399902344,176.25,210.60000610351562,511.2722473144531,675.3200073242188,107.99076080322266,220.3000030517578,40.436370849609375,77.16999816894531,174.52000427246094,278.5400085449219,482.1199951171875,89.12999725341797,176.19830322265625,72.51287841796875,596.5645751953125,28.299999237060547,115.80521392822266,20.43000030517578,42.93000030517578,50.060001373291016,20.100000381469727,139.5,571.0399780273438,247.67117309570312,82.2699966430664,115.47000122070312,144.66000366210938,487.4599914550781,550.3917846679688,461.1619567871094,212.62445068359375,407.8200988769531,97.75,230.2899932861328,25.579999923706055,45.23594284057617,209.83309936523438,88.28095245361328,156.3169708251953,42.97999954223633,37.27000045776367,161.02000427246094,81.31999969482422,285.5199890136719,93.18000030517578
2024-09-04 00:00:00-04:00,220.85000610351562,408.8999938964844,156.24267578125,173.3300018310547,219.41000366210938,512.2512817382812,679.6799926757812,106.20091247558594,219.3300018310547,40.237667083740234,77.23999786376953,175.89999389648438,280.489990234375,483.1400146484375,89.25,177.1708984375,72.0659408569336,602.045166015625,28.389999389648438,115.0303955078125,20.56999969482422,41.47999954223633,49.70000076293945,19.43000030517578,140.75,575.25,247.29176330566406,82.47000122070312,114.05999755859375,142.07000732421875,490.6400146484375,549.2652587890625,459.963623046875,212.26568603515625,407.9891052246094,99.01000213623047,230.42999267578125,25.68000030517578,45.28575897216797,209.29405212402344,87.06102752685547,156.04798889160156,42.869998931884766,36.90999984741211,163.22000122070312,81.0199966430664,288.0299987792969,92.33000183105469
2024-09-05 00:00:00-04:00,222.3800048828125,408.3900146484375,157.03163146972656,177.88999938964844,230.1699981689453,516.3673706054688,683.6199951171875,107.2008285522461,217.6300048828125,39.87999725341797,76.95999908447266,175.47000122070312,278.6199951171875,477.3599853515625,88.6500015258789,177.94500732421875,70.68540954589844,593.3858642578125,28.510000228881836,117.80184936523438,20.649999618530273,41.310001373291016,49.130001068115234,19.399999618530273,142.61000061035156,567.9299926757812,245.7342071533203,82.43000030517578,113.16999816894531,140.92999267578125,487.8800048828125,547.9293212890625,460.3930358886719,211.2092742919922,406.0406799316406,99.56999969482422,232.35000610351562,26.229999542236328,44.787567138671875,208.97463989257812,86.3865966796875,153.90597534179688,43.599998474121094,37.33000183105469,162.14999389648438,80.83000183105469,287.9700012207031,91.55999755859375
2024-09-06 00:00:00-04:00,220.82000732421875,401.70001220703125,150.72000122070312,171.38999938964844,210.72999572753906,499.7931823730469,665.77001953125,102.82120513916016,212.4600067138672,38.7599983215332,76.63999938964844,175.58999633789062,279.3699951171875,476.1199951171875,87.94000244140625,177.33999633789062,70.65560913085938,594.77099609375,28.559999465942383,117.05683135986328,20.969999313354492,41.150001525878906,48.5,18.889999389648438,141.80999755859375,563.4099731445312,243.58758544921875,81.18000030517578,112.63999938964844,138.55999755859375,479.6099853515625,538.7076416015625,448.06036376953125,207.19297790527344,402.0743408203125,99.55999755859375,230.6300048828125,25.479999542236328,44.12995147705078,203.5543670654297,85.30552673339844,153.37794494628906,41.59000015258789,36.31999969482422,157.6199951171875,80.62999725341797,289.510009765625,91.1500015258789
2024-09-09 00:00:00-04:00,220.91000366210938,405.7200012207031,148.7100067138672,175.39999389648438,216.27000427246094,504.30889892578125,675.4199829101562,106.46089172363281,216.80999755859375,39.470001220703125,77.33999633789062,176.05999755859375,285.6099853515625,487.0899963378906,88.33999633789062,178.19000244140625,71.36077880859375,592.0007934570312,29.40999984741211,114.64299011230469,21.5,42.72999954223633,48.70000076293945,19.06999969482422,139.88999938964844,569.8800048828125,245.37477111816406,81.44000244140625,115.01000213623047,140.3000030517578,488.57000732421875,544.7391357421875,453.822265625,207.77101135253906,406.627197265625,99.98999786376953,231.60000610351562,25.850000381469727,44.787567138671875,206.88836669921875,85.92044067382812,154.4539337158203,42.63999938964844,36.7599983215332,162.91000366210938,79.48999786376953,291.2900085449219,92.20999908447266
2024-09-10 00:00:00-04:00,220.11000061035156,414.20001220703125,148.66000366210938,179.5500030517578,226.1699981689453,504.30889892578125,673.6199951171875,108.09075164794922,205.55999755859375,39.279998779296875,78.80999755859375,177.7899932861328,285.3399963378906,488.0199890136719,88.4000015258789,177.80999755859375,71.06282043457031,596.9133911132812,29.739999771118164,114.56352233886719,21.709999084472656,43.650001525878906,48.790000915527344,18.979999542236328,155.88999938964844,574.47998046875,245.77415466308594,83.80000305175781,110.81999969482422,138.22999572753906,467.1300048828125,547.11181640625,458.0163879394531,207.60159301757812,405.8418884277344,100.69000244140625,232.6199951171875,25.940000534057617,44.32923126220703,209.98281860351562,84.4426498413086,155.1613006591797,43.290000915527344,37.220001220703125,160.07000732421875,78.08999633789062,291.2699890136719,93.33999633789062
2024-09-11 00:00:00-04:00,222.66000366210938,423.0400085449219,151.16000366210938,184.52000427246094,228.1300048828125,511.3421630859375,681.469970703125,116.9000015258789,207.22999572753906,39.0,78.83999633789062,173.9199981689453,283.9599914550781,488.17999267578125,88.31999969482422,175.77999877929688,70.59602355957031,587.6661376953125,29.65999984741211,113.94763946533203,21.450000762939453,43.79999923706055,49.11000061035156,19.639999389648438,157.17999267578125,580.3800048828125,249.17881774902344,84.80999755859375,109.72000122070312,137.8800048828125,471.1700134277344,552.724609375,467.96240234375,208.2095184326172,406.84588623046875,100.61000061035156,232.25,26.1200008392334,44.11998748779297,217.14993286132812,83.65911865234375,154.7030029296875,44.22999954223633,37.38999938964844,161.3300018310547,78.4000015258789,290.2300109863281,98.19999694824219
2024-09-12 00:00:00-04:00,222.77000427246094,427.0,154.69000244140625,187.0,229.80999755859375,525.0990600585938,686.7999877929688,119.13999938964844,206.60000610351562,38.779998779296875,79.66000366210938,173.47000122070312,285.3699951171875,492.1099853515625,89.30000305175781,177.25,70.74500274658203,586.3408203125,29.15999984741211,114.48405456542969,21.59000015258789,43.86000061035156,49.61000061035156,19.360000610351562,161.3800048828125,586.5499877929688,252.97283935546875,85.48999786376953,111.2300033569336,139.2100067138672,474.05999755859375,557.38037109375,472.5559387207031,210.89036560058594,409.5299072265625,100.13999938964844,236.3300018310547,27.270000457763672,44.219627380371094,218.94671630859375,84.41289520263672,155.2609100341797,44.97999954223633,39.209999084472656,162.77000427246094,78.4000015258789,292.3500061035156,99.27999877929688
2024-09-13 00:00:00-04:00,222.5,430.5899963378906,157.4600067138672,186.49000549316406,230.2899932861328,524.1199951171875,697.0599975585938,119.0999984741211,204.32000732421875,38.650001525878906,80.5999984741211,174.0800018310547,287.3500061035156,493.3599853515625,90.55000305175781,177.36000061035156,71.41000366210938,592.2200317382812,29.270000457763672,115.08999633789062,21.639999389648438,44.43000030517578,49.79999923706055,19.65999984741211,162.02999877929688,536.8699951171875,254.1709747314453,84.69000244140625,111.1500015258789,140.61000061035156,478.989990234375,560.2914428710938,474.6729736328125,216.09262084960938,412.4823303222656,100.41000366210938,238.67999267578125,28.020000457763672,44.34915542602539,220.0447540283203,84.88896179199219,155.57972717285156,45.7599983215332,40.09000015258789,156.77000427246094,79.01000213623047,296.5299987792969,98.56999969482422
2024-09-16 00:00:00-04:00,216.32000732421875,431.3399963378906,158.05999755859375,184.88999938964844,226.77999877929688,533.280029296875,696.5,116.77999877929688,207.86000061035156,39.099998474121094,80.55999755859375,177.24000549316406,290.4800109863281,497.7099914550781,91.8499984741211,177.2100067138672,72.0999984741211,589.1400146484375,30.06999969482422,117.95999908447266,22.270000457763672,45.0,51.029998779296875,20.90999984741211,170.3300018310547,521.5,256.5072937011719,83.5999984741211,112.70999908447266,142.08999633789062,485.1600036621094,561.118896484375,472.5758972167969,216.86996459960938,414.9078674316406,101.33000183105469,238.66000366210938,28.06999969482422,44.927059173583984,219.2062530517578,85.8609390258789,156.6557159423828,45.689998626708984,39.88999938964844,155.5500030517578,79.80000305175781,296.69000244140625,96.30999755859375
2024-09-17 00:00:00-04:00,216.7899932861328,435.1499938964844,159.32000732421875,186.8800048828125,227.8699951171875,536.3200073242188,706.9099731445312,115.58999633789062,209.25,39.54999923706055,78.5999984741211,175.8800048828125,291.55999755859375,500.989990234375,92.86000061035156,176.8699951171875,71.80000305175781,577.9600219726562,29.829999923706055,118.29000091552734,21.780000686645508,44.08000183105469,50.61000061035156,21.469999313354492,167.47000122070312,515.030029296875,254.7899932861328,84.69999694824219,114.18000030517578,143.41000366210938,485.3900146484375,561.3482055664062,472.8255615234375,218.66384887695312,414.7886047363281,100.83999633789062,237.33999633789062,27.959999084472656,45.166194915771484,218.7770233154297,87.02135467529297,155.04173278808594,46.060001373291016,39.4900016784668,156.38999938964844,80.63999938964844,293.75,96.44000244140625
2024-09-18 00:00:00-04:00,220.69000244140625,430.80999755859375,159.80999755859375,186.42999267578125,227.1999969482422,537.9500122070312,690.469970703125,113.37000274658203,207.52999877929688,39.619998931884766,79.02999877929688,173.9199981689453,288.4800109863281,494.760009765625,93.58000183105469,175.2100067138672,71.75,580.6500244140625,29.75,118.63999938964844,21.729999542236328,43.880001068115234,50.56999969482422,20.770000457763672,164.52999877929688,508.1300048828125,252.42999267578125,84.41999816894531,114.58000183105469,143.9600067138672,484.5799865722656,559.683349609375,470.7784423828125,218.70370483398438,413.72491455078125,99.58999633789062,235.50999450683594,27.239999771118164,45.02669906616211,216.78060913085938,87.1899642944336,154.78269958496094,46.18000030517578,39.060001373291016,155.11000061035156,80.9000015258789,292.0299987792969,96.12000274658203
2024-09-19 00:00:00-04:00,228.8699951171875,438.69000244140625,162.13999938964844,189.8699951171875,243.9199981689453,559.0999755859375,704.3200073242188,117.87000274658203,210.47999572753906,40.869998931884766,78.04000091552734,171.5399932861328,285.239990234375,493.010009765625,93.44999694824219,174.66000366210938,70.62000274658203,577.0700073242188,29.65999984741211,117.2300033569336,21.360000610351562,43.939998626708984,51.439998626708984,21.139999389648438,167.58999633789062,526.4400024414062,265.989990234375,88.48999786376953,116.0,144.99000549316406,503.8299865722656,569.2340087890625,482.68170166015625,223.20834350585938,418.91400146484375,99.26000213623047,239.1699981689453,28.09000015258789,45.5248908996582,223.2190399169922,88.23136138916016,155.3406219482422,47.41999816894531,39.720001220703125,154.58999633789062,80.9800033569336,293.8500061035156,96.9000015258789
